category,phrase,count
symptoms,floaters,809
doctor_feedback,diagnosis mentions,205
daily_life_impact,anxiety/distress,141
symptoms,eye floaters,90
symptoms,flashes,86
doctor_feedback,reassurance (nothing serious),67
daily_life_impact,screen use impact,63
daily_life_impact,work impact,54
doctor_feedback,uncertainty/conflicting advice,40
daily_life_impact,outdoor/light avoidance,38
symptoms,retinal detachment concern,37
symptoms,visual snow,34
symptoms,eye pressure,34
daily_life_impact,sleep impact,33
daily_life_impact,reading impact,25
symptoms,eye pain,23
daily_life_impact,depression/hopelessness,23
symptoms,cobwebs/strings,21
symptoms,blurry vision,21
doctor_feedback,urgency warning,19
daily_life_impact,driving impact,16
symptoms,light sensitivity,13
symptoms,retinal tear concern,11
daily_life_impact,quality of life impact,10
symptoms,black spots/dots,9
recurring_patterns,dismissed by clinician,7
recurring_patterns,fear vs advice mismatch,6
symptoms,haze/cloudy vision,4
